specie,filename,code,label,duration
Periparus ater,539352.mp3,Perer,0,64.06304166666666
Periparus ater,537840.mp3,Perer,0,19.354580498866213
Periparus ater,536337.mp3,Perer,0,47.54625
Periparus ater,536334.mp3,Perer,0,238.2469375
Periparus ater,536326.mp3,Perer,0,232.39829166666667
Periparus ater,536324.mp3,Perer,0,246.15470833333333
Periparus ater,533714.mp3,Perer,0,307.24027083333334
Periparus ater,533713.mp3,Perer,0,141.860875
Periparus ater,479661.mp3,Perer,0,39.841541666666664
Periparus ater,478113.mp3,Perer,0,86.93326530612245
Periparus ater,463474.mp3,Perer,0,64.5065
Periparus ater,463471.mp3,Perer,0,33.2379375
Periparus ater,448424.mp3,Perer,0,82.217625
Periparus ater,448416.mp3,Perer,0,154.7865
Periparus ater,448415.mp3,Perer,0,111.451125
Periparus ater,438389.mp3,Perer,0,77.0710625
Periparus ater,438388.mp3,Perer,0,118.0836875
Periparus ater,434853.mp3,Perer,0,26.9161875
Periparus ater,413360.mp3,Perer,0,8.72498866213152
Periparus ater,413359.mp3,Perer,0,30.976009070294786
Periparus ater,413350.mp3,Perer,0,77.07800453514739
Periparus ater,413349.mp3,Perer,0,29.11199546485261
Periparus ater,412825.mp3,Perer,0,23.265034013605444
Periparus ater,411139.mp3,Perer,0,56.228625
Periparus ater,409131.mp3,Perer,0,20.9808125
Periparus ater,385965.mp3,Perer,0,36.2385
Periparus ater,384581.mp3,Perer,0,38.21780045351474
Periparus ater,384575.mp3,Perer,0,32.76321995464853
Periparus ater,380071.mp3,Perer,0,230.42321995464852
Periparus ater,380065.mp3,Perer,0,16.207528344671204
Periparus ater,380063.mp3,Perer,0,7.7090249433106575
Periparus ater,380062.mp3,Perer,0,3.9938321995464854
Periparus ater,362591.mp3,Perer,0,78.083175
Periparus ater,352031.mp3,Perer,0,31.936031746031745
Periparus ater,352030.mp3,Perer,0,76.5411111111111
Periparus ater,352028.mp3,Perer,0,90.87129251700681
Periparus ater,348059.mp3,Perer,0,12.541360544217687
Periparus ater,328912.mp3,Perer,0,82.50839002267574
Periparus ater,326651.mp3,Perer,0,21.632267573696144
Periparus ater,326650.mp3,Perer,0,97.49596371882086
Periparus ater,324739.mp3,Perer,0,164.45995464852606
Periparus ater,324734.mp3,Perer,0,66.91151927437642
Periparus ater,324732.mp3,Perer,0,34.734648526077095
Periparus ater,324730.mp3,Perer,0,63.400884353741496
Periparus ater,323903.mp3,Perer,0,97.92659863945578
Periparus ater,312551.mp3,Perer,0,4.001360544217687
Periparus ater,270438.mp3,Perer,0,43.90825
Periparus ater,270437.mp3,Perer,0,55.088625
Periparus ater,270436.mp3,Perer,0,36.75066666666667
Periparus ater,240923.mp3,Perer,0,74.13705215419502
Periparus ater,240392.mp3,Perer,0,38.38569160997732
Periparus ater,177719.mp3,Perer,0,91.66589583333334
Periparus ater,174662.mp3,Perer,0,123.39985416666667
Periparus ater,149721.mp3,Perer,0,39.513333333333335
Periparus ater,140082.mp3,Perer,0,30.76834375
Periparus ater,138853.mp3,Perer,0,37.2459375
Periparus ater,138844.mp3,Perer,0,35.20615625
Periparus ater,134318.mp3,Perer,0,38.39184375
Periparus ater,132380.mp3,Perer,0,34.054625
Periparus ater,89958.mp3,Perer,0,35.84
Periparus ater,84320.mp3,Perer,0,31.6934375
Periparus ater,78087.mp3,Perer,0,14.536
Periparus ater,56120.mp3,Perer,0,12.6529375
Periparus ater,55753.mp3,Perer,0,49.7369
Periparus ater,53736.mp3,Perer,0,15.10045
Periparus ater,37266.mp3,Perer,0,44.6510625
Periparus ater,36801.mp3,Perer,0,57.5115
Troglodytes troglodytes,566304.mp3,Troes,1,41.56816666666667
Troglodytes troglodytes,554275.mp3,Troes,1,152.76367346938775
Troglodytes troglodytes,553359.mp3,Troes,1,83.99086167800453
Troglodytes troglodytes,548704.mp3,Troes,1,70.66267573696145
Troglodytes troglodytes,548560.mp3,Troes,1,8.962902494331066
Troglodytes troglodytes,545268.mp3,Troes,1,85.01181405895692
Troglodytes troglodytes,545266.mp3,Troes,1,23.006916099773242
Troglodytes troglodytes,541613.mp3,Troes,1,163.54902083333334
Troglodytes troglodytes,540813.mp3,Troes,1,18.21079365079365
Troglodytes troglodytes,537214.mp3,Troes,1,83.1085
Troglodytes troglodytes,537213.mp3,Troes,1,71.9800625
Troglodytes troglodytes,536065.mp3,Troes,1,103.070125
Troglodytes troglodytes,528434.mp3,Troes,1,29.156
Troglodytes troglodytes,528256.mp3,Troes,1,59.82678125
Troglodytes troglodytes,528249.mp3,Troes,1,80.059625
Troglodytes troglodytes,528243.mp3,Troes,1,61.96278125
Troglodytes troglodytes,527173.mp3,Troes,1,240.3171201814059
Troglodytes troglodytes,527171.mp3,Troes,1,23.62628117913832
Troglodytes troglodytes,509458.mp3,Troes,1,116.58746875
Troglodytes troglodytes,503967.mp3,Troes,1,17.2255
Troglodytes troglodytes,502367.mp3,Troes,1,33.71666666666667
Troglodytes troglodytes,489282.mp3,Troes,1,3.2641950113378684
Troglodytes troglodytes,489259.mp3,Troes,1,3.341292517006803
Troglodytes troglodytes,480669.mp3,Troes,1,27.413875
Troglodytes troglodytes,480668.mp3,Troes,1,86.6073125
Troglodytes troglodytes,475264.mp3,Troes,1,111.36810416666667
Troglodytes troglodytes,474428.mp3,Troes,1,227.55925170068028
Troglodytes troglodytes,473727.mp3,Troes,1,12.0
Troglodytes troglodytes,467982.mp3,Troes,1,162.0733560090703
Troglodytes troglodytes,462392.mp3,Troes,1,56.178325
Troglodytes troglodytes,461185.mp3,Troes,1,29.453197278911563
Troglodytes troglodytes,459319.mp3,Troes,1,20.9875
Troglodytes troglodytes,439505.mp3,Troes,1,18.2508125
Troglodytes troglodytes,436474.mp3,Troes,1,63.8794375
Troglodytes troglodytes,410568.mp3,Troes,1,154.264375
Troglodytes troglodytes,410031.mp3,Troes,1,72.8401875
Troglodytes troglodytes,384577.mp3,Troes,1,69.33702947845805
Troglodytes troglodytes,373859.mp3,Troes,1,37.73873015873016
Troglodytes troglodytes,369968.mp3,Troes,1,74.0588
Troglodytes troglodytes,356000.mp3,Troes,1,32.06192743764172
Troglodytes troglodytes,345908.mp3,Troes,1,11.665328798185941
Troglodytes troglodytes,336778.mp3,Troes,1,180.5061224489796
Troglodytes troglodytes,320888.mp3,Troes,1,29.703990929705217
Troglodytes troglodytes,312585.mp3,Troes,1,5.880136054421769
Troglodytes troglodytes,301298.mp3,Troes,1,70.018375
Troglodytes troglodytes,298862.mp3,Troes,1,26.95190476190476
Troglodytes troglodytes,298861.mp3,Troes,1,9.81185941043084
Troglodytes troglodytes,240954.mp3,Troes,1,106.18993197278911
Troglodytes troglodytes,234922.mp3,Troes,1,100.32131519274377
Troglodytes troglodytes,234756.mp3,Troes,1,423.0080045351474
Troglodytes troglodytes,208305.mp3,Troes,1,4.144625850340136
Troglodytes troglodytes,161529.mp3,Troes,1,47.22784375
Troglodytes troglodytes,156676.mp3,Troes,1,59.832
Troglodytes troglodytes,143972.mp3,Troes,1,44.64704166666667
Troglodytes troglodytes,143104.mp3,Troes,1,81.762625
Troglodytes troglodytes,138374.mp3,Troes,1,64.69878125
Troglodytes troglodytes,138372.mp3,Troes,1,61.72353125
Troglodytes troglodytes,138371.mp3,Troes,1,81.71553125
Troglodytes troglodytes,138370.mp3,Troes,1,116.15478125
Troglodytes troglodytes,133962.mp3,Troes,1,59.44721875
Troglodytes troglodytes,125791.mp3,Troes,1,23.071166666666667
Troglodytes troglodytes,107679.mp3,Troes,1,60.844479166666666
Troglodytes troglodytes,101539.mp3,Troes,1,32.44408163265306
Troglodytes troglodytes,78945.mp3,Troes,1,41.56081632653061
Troglodytes troglodytes,78944.mp3,Troes,1,62.093061224489794
Troglodytes troglodytes,55180.mp3,Troes,1,12.18525
Troglodytes troglodytes,55176.mp3,Troes,1,7.4541875
Troglodytes troglodytes,55121.mp3,Troes,1,46.0958125
Hippolais polyglotta,564577.mp3,Hipta,2,50.98266666666667
Hippolais polyglotta,563519.mp3,Hipta,2,108.506
Hippolais polyglotta,563518.mp3,Hipta,2,17.988
Hippolais polyglotta,560386.mp3,Hipta,2,30.0616875
Hippolais polyglotta,556884.mp3,Hipta,2,54.658875
Hippolais polyglotta,556881.mp3,Hipta,2,243.59620833333332
Hippolais polyglotta,556879.mp3,Hipta,2,509.432125
Hippolais polyglotta,556877.mp3,Hipta,2,115.97075
Hippolais polyglotta,556875.mp3,Hipta,2,53.170145833333336
Hippolais polyglotta,556873.mp3,Hipta,2,144.703125
Hippolais polyglotta,556872.mp3,Hipta,2,212.86689583333333
Hippolais polyglotta,556870.mp3,Hipta,2,154.64602083333332
Hippolais polyglotta,556868.mp3,Hipta,2,181.27945833333334
Hippolais polyglotta,556866.mp3,Hipta,2,143.78522916666665
Hippolais polyglotta,556864.mp3,Hipta,2,66.49614583333333
Hippolais polyglotta,556860.mp3,Hipta,2,28.5885
Hippolais polyglotta,555218.mp3,Hipta,2,6.075555555555556
Hippolais polyglotta,553198.mp3,Hipta,2,9.037104166666667
Hippolais polyglotta,553195.mp3,Hipta,2,82.4439375
Hippolais polyglotta,548009.mp3,Hipta,2,97.72263038548753
Hippolais polyglotta,547356.mp3,Hipta,2,58.2487074829932
Hippolais polyglotta,516363.mp3,Hipta,2,32.68414583333333
Hippolais polyglotta,516348.mp3,Hipta,2,36.85766666666667
Hippolais polyglotta,516347.mp3,Hipta,2,71.29447916666666
Hippolais polyglotta,516346.mp3,Hipta,2,93.43275
Hippolais polyglotta,516344.mp3,Hipta,2,45.84891666666667
Hippolais polyglotta,516343.mp3,Hipta,2,53.892125
Hippolais polyglotta,516314.mp3,Hipta,2,28.528645833333332
Hippolais polyglotta,516313.mp3,Hipta,2,40.49916666666667
Hippolais polyglotta,516311.mp3,Hipta,2,16.962895833333334
Hippolais polyglotta,516310.mp3,Hipta,2,50.590666666666664
Hippolais polyglotta,514009.mp3,Hipta,2,144.78635416666665
Hippolais polyglotta,513026.mp3,Hipta,2,28.474645833333334
Hippolais polyglotta,513023.mp3,Hipta,2,15.394208333333333
Hippolais polyglotta,511200.mp3,Hipta,2,93.713125
Hippolais polyglotta,511199.mp3,Hipta,2,40.32579166666667
Hippolais polyglotta,511187.mp3,Hipta,2,83.47215419501134
Hippolais polyglotta,502423.mp3,Hipta,2,147.71710416666667
Hippolais polyglotta,500628.mp3,Hipta,2,175.50985
Hippolais polyglotta,499804.mp3,Hipta,2,52.22
Hippolais polyglotta,480113.mp3,Hipta,2,9.481875
Hippolais polyglotta,477167.mp3,Hipta,2,28.233174603174604
Hippolais polyglotta,476895.mp3,Hipta,2,37.450375
Hippolais polyglotta,476894.mp3,Hipta,2,64.64547916666666
Hippolais polyglotta,476893.mp3,Hipta,2,98.679
Hippolais polyglotta,476221.mp3,Hipta,2,41.12253968253968
Hippolais polyglotta,475584.mp3,Hipta,2,77.87378684807257
Hippolais polyglotta,469685.mp3,Hipta,2,112.50735416666667
Hippolais polyglotta,418485.mp3,Hipta,2,51.543375
Hippolais polyglotta,417024.mp3,Hipta,2,233.3628125
Hippolais polyglotta,386478.mp3,Hipta,2,39.068416666666664
Hippolais polyglotta,381188.mp3,Hipta,2,83.658
Hippolais polyglotta,375622.mp3,Hipta,2,157.33102040816325
Hippolais polyglotta,374776.mp3,Hipta,2,97.08263038548753
Hippolais polyglotta,374742.mp3,Hipta,2,126.74380952380952
Hippolais polyglotta,374311.mp3,Hipta,2,36.848503401360546
Hippolais polyglotta,301146.mp3,Hipta,2,87.81575963718821
Hippolais polyglotta,270360.mp3,Hipta,2,102.762
Hippolais polyglotta,270358.mp3,Hipta,2,92.443625
Hippolais polyglotta,246184.mp3,Hipta,2,79.92079166666667
Hippolais polyglotta,156078.mp3,Hipta,2,61.152
Hippolais polyglotta,139371.mp3,Hipta,2,39.050583333333336
Hippolais polyglotta,138204.mp3,Hipta,2,147.11102040816326
Hippolais polyglotta,138179.mp3,Hipta,2,58.0028125
Hippolais polyglotta,138174.mp3,Hipta,2,35.56228125
Hippolais polyglotta,137861.mp3,Hipta,2,121.82666666666667
Hippolais polyglotta,137501.mp3,Hipta,2,20.662857142857142
Hippolais polyglotta,137500.mp3,Hipta,2,34.011428571428574
Hippolais polyglotta,137499.mp3,Hipta,2,66.29877551020408
Hippolais polyglotta,78216.mp3,Hipta,2,17.7514375
Hippolais polyglotta,78212.mp3,Hipta,2,162.8451875
Hippolais polyglotta,78211.mp3,Hipta,2,69.3460625
Hippolais polyglotta,55166.mp3,Hipta,2,25.8951875
Hippolais polyglotta,48060.mp3,Hipta,2,27.506938775510203
Hippolais polyglotta,48059.mp3,Hipta,2,21.15918367346939
Hippolais polyglotta,48057.mp3,Hipta,2,19.61795918367347
Hippolais polyglotta,48055.mp3,Hipta,2,55.248979591836736
Hippolais polyglotta,48053.mp3,Hipta,2,31.947755102040816
Hippolais polyglotta,48052.mp3,Hipta,2,24.555102040816326
Turdus merula,565962.mp3,Turla,3,117.953725
Turdus merula,565687.mp3,Turla,3,161.954375
Turdus merula,565185.mp3,Turla,3,106.57410416666667
Turdus merula,563051.mp3,Turla,3,4.498020833333333
Turdus merula,554021.mp3,Turla,3,157.4124263038549
Turdus merula,552186.mp3,Turla,3,33.583174603174605
Turdus merula,550282.mp3,Turla,3,60.33725
Turdus merula,548712.mp3,Turla,3,47.148321995464855
Turdus merula,546949.mp3,Turla,3,288.1695
Turdus merula,546212.mp3,Turla,3,708.9722708333334
Turdus merula,546211.mp3,Turla,3,60.84527083333333
Turdus merula,546210.mp3,Turla,3,218.1300625
Turdus merula,546209.mp3,Turla,3,38.093020833333334
Turdus merula,546207.mp3,Turla,3,118.83275
Turdus merula,546205.mp3,Turla,3,120.61447916666667
Turdus merula,546204.mp3,Turla,3,224.1463125
Turdus merula,546203.mp3,Turla,3,220.99466666666666
Turdus merula,546202.mp3,Turla,3,119.07070833333333
Turdus merula,545851.mp3,Turla,3,418.18195833333334
Turdus merula,545847.mp3,Turla,3,151.6658125
Turdus merula,545835.mp3,Turla,3,65.7251875
Turdus merula,545208.mp3,Turla,3,332.8261224489796
Turdus merula,543384.mp3,Turla,3,61.86904166666667
Turdus merula,543383.mp3,Turla,3,73.56872916666667
Turdus merula,542703.mp3,Turla,3,61.13341666666667
Turdus merula,542701.mp3,Turla,3,117.8084375
Turdus merula,542672.mp3,Turla,3,464.7469791666667
Turdus merula,537808.mp3,Turla,3,66.5996875
Turdus merula,536054.mp3,Turla,3,247.7561875
Turdus merula,529233.mp3,Turla,3,28.9185625
Turdus merula,516340.mp3,Turla,3,103.8974375
Turdus merula,514014.mp3,Turla,3,47.8563125
Turdus merula,513030.mp3,Turla,3,70.14335416666667
Turdus merula,500403.mp3,Turla,3,73.45240362811792
Turdus merula,499806.mp3,Turla,3,63.81854875283447
Turdus merula,484008.mp3,Turla,3,60.19655328798186
Turdus merula,484007.mp3,Turla,3,192.16714583333334
Turdus merula,483999.mp3,Turla,3,112.521
Turdus merula,471872.mp3,Turla,3,34.693061224489796
Turdus merula,471871.mp3,Turla,3,20.15984126984127
Turdus merula,469949.mp3,Turla,3,175.92984126984126
Turdus merula,468818.mp3,Turla,3,55.58730158730159
Turdus merula,466535.mp3,Turla,3,52.66285714285714
Turdus merula,461656.mp3,Turla,3,426.3100625
Turdus merula,437556.mp3,Turla,3,159.86664583333334
Turdus merula,418490.mp3,Turla,3,200.083475
Turdus merula,412039.mp3,Turla,3,17.191315192743765
Turdus merula,405785.mp3,Turla,3,300.90555
Turdus merula,385959.mp3,Turla,3,193.007125
Turdus merula,385894.mp3,Turla,3,661.0007709750566
Turdus merula,385888.mp3,Turla,3,52.005759637188206
Turdus merula,374781.mp3,Turla,3,103.4222902494331
Turdus merula,374687.mp3,Turla,3,263.5261904761905
Turdus merula,374585.mp3,Turla,3,186.05628117913832
Turdus merula,374426.mp3,Turla,3,133.61632653061224
Turdus merula,374414.mp3,Turla,3,95.95748299319727
Turdus merula,371618.mp3,Turla,3,32.027845804988665
Turdus merula,366730.mp3,Turla,3,66.01775
Turdus merula,324899.mp3,Turla,3,583.8965986394558
Turdus merula,319412.mp3,Turla,3,136.23589569160998
Turdus merula,318477.mp3,Turla,3,73.49625850340136
Turdus merula,318476.mp3,Turla,3,51.81907029478458
Turdus merula,318474.mp3,Turla,3,49.161043083900225
Turdus merula,318469.mp3,Turla,3,156.2562358276644
Turdus merula,317081.mp3,Turla,3,83.5909977324263
Turdus merula,315259.mp3,Turla,3,89.28015
Turdus merula,312549.mp3,Turla,3,228.01356009070295
Turdus merula,297929.mp3,Turla,3,113.07743764172335
Turdus merula,297753.mp3,Turla,3,45.1134693877551
Turdus merula,297735.mp3,Turla,3,103.71714285714286
Turdus merula,285270.mp3,Turla,3,82.6690625
Turdus merula,253295.mp3,Turla,3,178.02
Turdus merula,237132.mp3,Turla,3,242.96489795918367
Turdus merula,156083.mp3,Turla,3,99.24545833333333
Turdus merula,143101.mp3,Turla,3,70.12390625
Turdus merula,134645.mp3,Turla,3,23.68175
Turdus merula,133967.mp3,Turla,3,97.48684375
Turdus merula,133958.mp3,Turla,3,60.40684375
Turdus merula,132430.mp3,Turla,3,34.0445625
Turdus merula,131863.mp3,Turla,3,14.131125
Turdus merula,89954.mp3,Turla,3,25.495510204081633
Turdus merula,89953.mp3,Turla,3,15.725714285714286
Turdus merula,89950.mp3,Turla,3,54.204081632653065
Turdus merula,55179.mp3,Turla,3,22.57975
Turdus merula,54960.mp3,Turla,3,26.864625
Turdus philomelos,557935.mp3,Turos,4,139.93190476190478
Turdus philomelos,548064.mp3,Turos,4,69.3488888888889
Turdus philomelos,546968.mp3,Turos,4,61.9553514739229
Turdus philomelos,542704.mp3,Turos,4,141.14583333333334
Turdus philomelos,540810.mp3,Turos,4,61.0
Turdus philomelos,537194.mp3,Turos,4,230.7505625
Turdus philomelos,536484.mp3,Turos,4,117.46379166666667
Turdus philomelos,535691.mp3,Turos,4,97.3470625
Turdus philomelos,533194.mp3,Turos,4,509.32309375
Turdus philomelos,533193.mp3,Turos,4,310.939125
Turdus philomelos,533192.mp3,Turos,4,297.283125
Turdus philomelos,528651.mp3,Turos,4,126.744
Turdus philomelos,528244.mp3,Turos,4,64.338375
Turdus philomelos,527483.mp3,Turos,4,92.412
Turdus philomelos,500974.mp3,Turos,4,145.0196875
Turdus philomelos,500973.mp3,Turos,4,52.16925
Turdus philomelos,500950.mp3,Turos,4,46.473083333333335
Turdus philomelos,500949.mp3,Turos,4,54.388125
Turdus philomelos,497762.mp3,Turos,4,61.38727891156463
Turdus philomelos,497760.mp3,Turos,4,111.82136054421768
Turdus philomelos,481254.mp3,Turos,4,157.2573125
Turdus philomelos,480661.mp3,Turos,4,96.0368125
Turdus philomelos,478665.mp3,Turos,4,146.603
Turdus philomelos,478664.mp3,Turos,4,173.33627083333334
Turdus philomelos,478114.mp3,Turos,4,151.00775510204082
Turdus philomelos,475454.mp3,Turos,4,159.3051875
Turdus philomelos,467948.mp3,Turos,4,31.240952380952383
Turdus philomelos,464369.mp3,Turos,4,63.116125
Turdus philomelos,463938.mp3,Turos,4,110.00773242630386
Turdus philomelos,463476.mp3,Turos,4,157.55625
Turdus philomelos,463470.mp3,Turos,4,67.2236875
Turdus philomelos,463214.mp3,Turos,4,30.972625
Turdus philomelos,459622.mp3,Turos,4,29.339501133786847
Turdus philomelos,459017.mp3,Turos,4,152.9454648526077
Turdus philomelos,450326.mp3,Turos,4,304.6922448979592
Turdus philomelos,439350.mp3,Turos,4,1015.7541875
Turdus philomelos,439348.mp3,Turos,4,1223.9920181405896
Turdus philomelos,439345.mp3,Turos,4,1342.1955782312925
Turdus philomelos,422440.mp3,Turos,4,93.33254166666667
Turdus philomelos,413155.mp3,Turos,4,80.02997732426304
Turdus philomelos,413154.mp3,Turos,4,117.00399092970521
Turdus philomelos,409027.mp3,Turos,4,103.11525
Turdus philomelos,396969.mp3,Turos,4,141.003875
Turdus philomelos,340111.mp3,Turos,4,165.86725
Turdus philomelos,340110.mp3,Turos,4,134.54558333333333
Turdus philomelos,307569.mp3,Turos,4,92.020075
Turdus philomelos,306308.mp3,Turos,4,268.22530612244896
Turdus philomelos,298852.mp3,Turos,4,115.72451247165533
Turdus philomelos,298851.mp3,Turos,4,162.14351473922903
Turdus philomelos,298717.mp3,Turos,4,35.02204081632653
Turdus philomelos,298615.mp3,Turos,4,95.95986394557823
Turdus philomelos,298610.mp3,Turos,4,226.98222222222222
Turdus philomelos,298606.mp3,Turos,4,34.62095238095238
Turdus philomelos,270429.mp3,Turos,4,87.533
Turdus philomelos,253508.mp3,Turos,4,300.03
Turdus philomelos,253506.mp3,Turos,4,258.85501133786846
Turdus philomelos,240891.mp3,Turos,4,202.99885416666666
Turdus philomelos,236797.mp3,Turos,4,339.9836734693878
Turdus philomelos,235976.mp3,Turos,4,103.0990022675737
Turdus philomelos,235970.mp3,Turos,4,69.00600907029478
Turdus philomelos,234077.mp3,Turos,4,108.95673469387755
Turdus philomelos,182691.mp3,Turos,4,239.85045
Turdus philomelos,174903.mp3,Turos,4,159.9919501133787
Turdus philomelos,162219.mp3,Turos,4,71.39828125
Turdus philomelos,162218.mp3,Turos,4,60.81428125
Turdus philomelos,161938.mp3,Turos,4,83.274875
Turdus philomelos,161914.mp3,Turos,4,53.91246875
Turdus philomelos,156259.mp3,Turos,4,93.82154195011339
Turdus philomelos,143133.mp3,Turos,4,55.00171875
Turdus philomelos,139951.mp3,Turos,4,60.2709977324263
Turdus philomelos,139731.mp3,Turos,4,179.57900226757369
Turdus philomelos,137845.mp3,Turos,4,86.063125
Turdus philomelos,133959.mp3,Turos,4,82.9908125
Turdus philomelos,132075.mp3,Turos,4,28.68525
Turdus philomelos,132004.mp3,Turos,4,78.383
Turdus philomelos,124273.mp3,Turos,4,90.59275
Turdus philomelos,101525.mp3,Turos,4,65.95918367346938
Turdus philomelos,101524.mp3,Turos,4,90.17469387755102
Turdus philomelos,101523.mp3,Turos,4,98.87346938775511
Turdus philomelos,99388.mp3,Turos,4,52.16301587301587
Turdus philomelos,94913.mp3,Turos,4,121.0831875
Turdus philomelos,89946.mp3,Turos,4,53.47265306122449
Turdus philomelos,78839.mp3,Turos,4,89.54616780045352
Turdus philomelos,67186.mp3,Turos,4,178.460375
Turdus philomelos,55182.mp3,Turos,4,26.105
Turdus philomelos,55106.mp3,Turos,4,52.907375
Fringilla coelebs,554263.mp3,Fribs,5,108.88333333333334
Fringilla coelebs,547122.mp3,Fribs,5,17.473729166666665
Fringilla coelebs,546915.mp3,Fribs,5,36.5509977324263
Fringilla coelebs,545785.mp3,Fribs,5,93.2700625
Fringilla coelebs,541588.mp3,Fribs,5,74.4945
Fringilla coelebs,541581.mp3,Fribs,5,178.86266666666666
Fringilla coelebs,541114.mp3,Fribs,5,117.100625
Fringilla coelebs,539456.mp3,Fribs,5,3.7060544217687075
Fringilla coelebs,537811.mp3,Fribs,5,10.553541666666666
Fringilla coelebs,533318.mp3,Fribs,5,58.24334375
Fringilla coelebs,528662.mp3,Fribs,5,48.0
Fringilla coelebs,528431.mp3,Fribs,5,67.95572916666667
Fringilla coelebs,516362.mp3,Fribs,5,66.48204166666666
Fringilla coelebs,516354.mp3,Fribs,5,31.011166666666668
Fringilla coelebs,516306.mp3,Fribs,5,62.458708333333334
Fringilla coelebs,514008.mp3,Fribs,5,55.157
Fringilla coelebs,513040.mp3,Fribs,5,43.3958125
Fringilla coelebs,513035.mp3,Fribs,5,35.669958333333334
Fringilla coelebs,513018.mp3,Fribs,5,27.653145833333333
Fringilla coelebs,502421.mp3,Fribs,5,32.94885416666666
Fringilla coelebs,501775.mp3,Fribs,5,146.66289583333332
Fringilla coelebs,500970.mp3,Fribs,5,107.43995833333334
Fringilla coelebs,500969.mp3,Fribs,5,76.35166666666667
Fringilla coelebs,500407.mp3,Fribs,5,24.950770975056688
Fringilla coelebs,488395.mp3,Fribs,5,53.3454
Fringilla coelebs,483107.mp3,Fribs,5,17.1984375
Fringilla coelebs,483106.mp3,Fribs,5,41.81333333333333
Fringilla coelebs,482887.mp3,Fribs,5,64.35627083333334
Fringilla coelebs,482532.mp3,Fribs,5,141.16960416666666
Fringilla coelebs,480664.mp3,Fribs,5,28.7459375
Fringilla coelebs,479629.mp3,Fribs,5,56.75329166666667
Fringilla coelebs,476208.mp3,Fribs,5,86.62401360544217
Fringilla coelebs,476207.mp3,Fribs,5,32.08877551020408
Fringilla coelebs,475460.mp3,Fribs,5,46.66575
Fringilla coelebs,475139.mp3,Fribs,5,104.00425
Fringilla coelebs,471972.mp3,Fribs,5,26.89089583333333
Fringilla coelebs,471915.mp3,Fribs,5,289.6148333333333
Fringilla coelebs,469945.mp3,Fribs,5,138.71163265306123
Fringilla coelebs,468814.mp3,Fribs,5,33.26984126984127
Fringilla coelebs,465460.mp3,Fribs,5,18.93877551020408
Fringilla coelebs,462393.mp3,Fribs,5,86.202375
Fringilla coelebs,459317.mp3,Fribs,5,28.4321875
Fringilla coelebs,438944.mp3,Fribs,5,81.5981875
Fringilla coelebs,416361.mp3,Fribs,5,97.50716666666666
Fringilla coelebs,411140.mp3,Fribs,5,100.2198125
Fringilla coelebs,410016.mp3,Fribs,5,80.0
Fringilla coelebs,409139.mp3,Fribs,5,52.008041666666664
Fringilla coelebs,387520.mp3,Fribs,5,138.7196875
Fringilla coelebs,385884.mp3,Fribs,5,160.00963718820861
Fringilla coelebs,384580.mp3,Fribs,5,42.47521541950113
Fringilla coelebs,376875.mp3,Fribs,5,75.91746031746031
Fringilla coelebs,374783.mp3,Fribs,5,118.79764172335601
Fringilla coelebs,374782.mp3,Fribs,5,25.66172335600907
Fringilla coelebs,374297.mp3,Fribs,5,84.42165532879818
Fringilla coelebs,373862.mp3,Fribs,5,61.086281179138325
Fringilla coelebs,373861.mp3,Fribs,5,95.63038548752834
Fringilla coelebs,361644.mp3,Fribs,5,23.013083900226757
Fringilla coelebs,357684.mp3,Fribs,5,54.01163265306123
Fringilla coelebs,356850.mp3,Fribs,5,112.66321995464853
Fringilla coelebs,349843.mp3,Fribs,5,18.033083900226757
Fringilla coelebs,349840.mp3,Fribs,5,12.19687074829932
Fringilla coelebs,316634.mp3,Fribs,5,38.000136054421766
Fringilla coelebs,308123.mp3,Fribs,5,60.74526077097506
Fringilla coelebs,308121.mp3,Fribs,5,6.302630385487529
Fringilla coelebs,308120.mp3,Fribs,5,75.9541723356009
Fringilla coelebs,308115.mp3,Fribs,5,34.05761904761905
Fringilla coelebs,292575.mp3,Fribs,5,63.075425
Fringilla coelebs,270411.mp3,Fribs,5,43.02075
Fringilla coelebs,269283.mp3,Fribs,5,55.031292517006804
Fringilla coelebs,266286.mp3,Fribs,5,56.142583333333334
Fringilla coelebs,253479.mp3,Fribs,5,289.2939909297052
Fringilla coelebs,253478.mp3,Fribs,5,64.02199546485261
Fringilla coelebs,241433.mp3,Fribs,5,83.24575963718821
Fringilla coelebs,240841.mp3,Fribs,5,58.955011337868484
Fringilla coelebs,240826.mp3,Fribs,5,24.510997732426304
Fringilla coelebs,240824.mp3,Fribs,5,56.00800453514739
Fringilla coelebs,234918.mp3,Fribs,5,69.748820861678
Fringilla coelebs,161927.mp3,Fribs,5,53.18209375
Fringilla coelebs,161519.mp3,Fribs,5,53.497125
Fringilla coelebs,155587.mp3,Fribs,5,29.806229166666668
Fringilla coelebs,143973.mp3,Fribs,5,42.79216666666667
Fringilla coelebs,138840.mp3,Fribs,5,59.7824375
Fringilla coelebs,137842.mp3,Fribs,5,97.6794375
Fringilla coelebs,135370.mp3,Fribs,5,49.89453125
Fringilla coelebs,134638.mp3,Fribs,5,20.1551875
Fringilla coelebs,133371.mp3,Fribs,5,56.37453125
Fringilla coelebs,106771.mp3,Fribs,5,73.82204081632653
Fringilla coelebs,89960.mp3,Fribs,5,48.117551020408165
Fringilla coelebs,56125.mp3,Fribs,5,18.86825
Fringilla coelebs,55086.mp3,Fribs,5,31.405875
Luscinia megarhynchos,565361.mp3,Lusos,6,182.26433333333333
Luscinia megarhynchos,564572.mp3,Lusos,6,208.54772916666667
Luscinia megarhynchos,560888.mp3,Lusos,6,62.083416666666665
Luscinia megarhynchos,560402.mp3,Lusos,6,29.594354166666665
Luscinia megarhynchos,559406.mp3,Lusos,6,25.665170068027212
Luscinia megarhynchos,556000.mp3,Lusos,6,29.343718820861678
Luscinia megarhynchos,554982.mp3,Lusos,6,110.13224489795918
Luscinia megarhynchos,554366.mp3,Lusos,6,220.053125
Luscinia megarhynchos,553522.mp3,Lusos,6,103.88607709750566
Luscinia megarhynchos,550323.mp3,Lusos,6,262.1466041666667
Luscinia megarhynchos,550308.mp3,Lusos,6,190.1248125
Luscinia megarhynchos,549399.mp3,Lusos,6,64.932
Luscinia megarhynchos,544500.mp3,Lusos,6,74.41140589569162
Luscinia megarhynchos,520656.mp3,Lusos,6,54.691475
Luscinia megarhynchos,516364.mp3,Lusos,6,73.8991875
Luscinia megarhynchos,512868.mp3,Lusos,6,47.478525
Luscinia megarhynchos,511206.mp3,Lusos,6,59.75279166666667
Luscinia megarhynchos,511188.mp3,Lusos,6,46.47179138321995
Luscinia megarhynchos,502425.mp3,Lusos,6,228.47447916666667
Luscinia megarhynchos,497805.mp3,Lusos,6,227.43721088435373
Luscinia megarhynchos,484048.mp3,Lusos,6,131.3948752834467
Luscinia megarhynchos,478439.mp3,Lusos,6,22.386938775510203
Luscinia megarhynchos,478438.mp3,Lusos,6,67.36979591836734
Luscinia megarhynchos,478118.mp3,Lusos,6,81.1159410430839
Luscinia megarhynchos,476899.mp3,Lusos,6,37.1090625
Luscinia megarhynchos,476898.mp3,Lusos,6,98.80435416666667
Luscinia megarhynchos,476210.mp3,Lusos,6,89.96469387755101
Luscinia megarhynchos,475972.mp3,Lusos,6,40.7868253968254
Luscinia megarhynchos,473646.mp3,Lusos,6,182.2934375
Luscinia megarhynchos,473316.mp3,Lusos,6,135.20528344671203
Luscinia megarhynchos,469778.mp3,Lusos,6,139.1870068027211
Luscinia megarhynchos,467983.mp3,Lusos,6,10.583628117913833
Luscinia megarhynchos,417712.mp3,Lusos,6,39.75895
Luscinia megarhynchos,413339.mp3,Lusos,6,97.4365625
Luscinia megarhynchos,411813.mp3,Lusos,6,49.38666666666666
Luscinia megarhynchos,411811.mp3,Lusos,6,105.60770833333333
Luscinia megarhynchos,410460.mp3,Lusos,6,49.40083333333333
Luscinia megarhynchos,394428.mp3,Lusos,6,290.0039791666667
Luscinia megarhynchos,384598.mp3,Lusos,6,31.60816326530612
Luscinia megarhynchos,380492.mp3,Lusos,6,120.55780045351474
Luscinia megarhynchos,380490.mp3,Lusos,6,131.87471655328798
Luscinia megarhynchos,374780.mp3,Lusos,6,66.67673469387755
Luscinia megarhynchos,374319.mp3,Lusos,6,57.97052154195011
Luscinia megarhynchos,374317.mp3,Lusos,6,142.41206349206348
Luscinia megarhynchos,374312.mp3,Lusos,6,60.16825396825397
Luscinia megarhynchos,374295.mp3,Lusos,6,64.5653514739229
Luscinia megarhynchos,373293.mp3,Lusos,6,43.12897959183673
Luscinia megarhynchos,373281.mp3,Lusos,6,59.63718820861678
Luscinia megarhynchos,370891.mp3,Lusos,6,243.04326530612244
Luscinia megarhynchos,368397.mp3,Lusos,6,148.340325
Luscinia megarhynchos,367600.mp3,Lusos,6,113.92259375
Luscinia megarhynchos,367211.mp3,Lusos,6,25.03655
Luscinia megarhynchos,333126.mp3,Lusos,6,1208.0107256235829
Luscinia megarhynchos,316471.mp3,Lusos,6,48.3109375
Luscinia megarhynchos,312851.mp3,Lusos,6,99.03
Luscinia megarhynchos,270353.mp3,Lusos,6,32.102666666666664
Luscinia megarhynchos,270352.mp3,Lusos,6,21.758208333333332
Luscinia megarhynchos,270349.mp3,Lusos,6,71.28441666666667
Luscinia megarhynchos,270347.mp3,Lusos,6,53.521166666666666
Luscinia megarhynchos,240889.mp3,Lusos,6,129.51064583333334
Luscinia megarhynchos,240881.mp3,Lusos,6,198.0209977324263
Luscinia megarhynchos,240868.mp3,Lusos,6,96.01299319727892
Luscinia megarhynchos,237147.mp3,Lusos,6,132.98938775510203
Luscinia megarhynchos,236360.mp3,Lusos,6,185.57387755102042
Luscinia megarhynchos,180032.mp3,Lusos,6,154.82866213151928
Luscinia megarhynchos,177578.mp3,Lusos,6,56.430125
Luscinia megarhynchos,176816.mp3,Lusos,6,293.05046875
Luscinia megarhynchos,174591.mp3,Lusos,6,309.9868125
Luscinia megarhynchos,161909.mp3,Lusos,6,54.853875
Luscinia megarhynchos,161562.mp3,Lusos,6,35.15765625
Luscinia megarhynchos,156179.mp3,Lusos,6,58.56587301587302
Luscinia megarhynchos,155586.mp3,Lusos,6,62.063875
Luscinia megarhynchos,148619.mp3,Lusos,6,148.89115625
Luscinia megarhynchos,148612.mp3,Lusos,6,232.77109375
Luscinia megarhynchos,148610.mp3,Lusos,6,251.608375
Luscinia megarhynchos,138203.mp3,Lusos,6,137.14009070294784
Luscinia megarhynchos,135386.mp3,Lusos,6,48.52653125
Luscinia megarhynchos,135176.mp3,Lusos,6,44.12403125
Luscinia megarhynchos,134370.mp3,Lusos,6,34.7275625
Luscinia megarhynchos,134360.mp3,Lusos,6,65.8685625
Luscinia megarhynchos,132432.mp3,Lusos,6,68.4151875
Luscinia megarhynchos,132079.mp3,Lusos,6,87.25325
Luscinia megarhynchos,131864.mp3,Lusos,6,52.3093125
Luscinia megarhynchos,131438.mp3,Lusos,6,36.57253125
Luscinia megarhynchos,101520.mp3,Lusos,6,51.64408163265306
Luscinia megarhynchos,101519.mp3,Lusos,6,55.71918367346939
Luscinia megarhynchos,80312.mp3,Lusos,6,64.18285714285715
Luscinia megarhynchos,80311.mp3,Lusos,6,27.58530612244898
Luscinia megarhynchos,80310.mp3,Lusos,6,50.59918367346939
Luscinia megarhynchos,78219.mp3,Lusos,6,55.442375
Luscinia megarhynchos,55190.mp3,Lusos,6,20.8530625
Luscinia megarhynchos,55095.mp3,Lusos,6,37.1845625
Luscinia megarhynchos,54742.mp3,Lusos,6,30.09625
Luscinia megarhynchos,26863.mp3,Lusos,6,40.6079375
Parus major,555805.mp3,Paror,7,74.37331065759638
Parus major,554372.mp3,Paror,7,32.166666666666664
Parus major,550313.mp3,Paror,7,66.72289583333334
Parus major,549661.mp3,Paror,7,175.4623125
Parus major,545849.mp3,Paror,7,787.8056666666666
Parus major,545839.mp3,Paror,7,279.01097505668935
Parus major,543377.mp3,Paror,7,99.06793650793651
Parus major,543375.mp3,Paror,7,40.69614583333333
Parus major,542852.mp3,Paror,7,76.760375
Parus major,542686.mp3,Paror,7,12.49125
Parus major,542685.mp3,Paror,7,85.34510416666667
Parus major,541528.mp3,Paror,7,90.02022916666667
Parus major,541526.mp3,Paror,7,56.165791666666664
Parus major,541522.mp3,Paror,7,26.625145833333335
Parus major,541517.mp3,Paror,7,86.14604166666666
Parus major,541515.mp3,Paror,7,86.96402083333334
Parus major,538945.mp3,Paror,7,68.609475
Parus major,538934.mp3,Paror,7,33.229375
Parus major,537814.mp3,Paror,7,62.38639583333333
Parus major,537813.mp3,Paror,7,142.26875
Parus major,537231.mp3,Paror,7,42.8000625
Parus major,537226.mp3,Paror,7,37.158125
Parus major,537192.mp3,Paror,7,44.810125
Parus major,536592.mp3,Paror,7,34.981770833333336
Parus major,536585.mp3,Paror,7,8.148604166666667
Parus major,536136.mp3,Paror,7,216.089925
Parus major,535697.mp3,Paror,7,67.024375
Parus major,535694.mp3,Paror,7,35.39964583333333
Parus major,533700.mp3,Paror,7,90.0110625
Parus major,529767.mp3,Paror,7,29.469591836734693
Parus major,528730.mp3,Paror,7,51.68483333333333
Parus major,528433.mp3,Paror,7,59.592
Parus major,527981.mp3,Paror,7,16.967958333333332
Parus major,512870.mp3,Paror,7,15.320275
Parus major,505777.mp3,Paror,7,55.56308333333333
Parus major,503961.mp3,Paror,7,41.90083333333333
Parus major,502428.mp3,Paror,7,23.273520833333333
Parus major,502427.mp3,Paror,7,5.765708333333333
Parus major,502366.mp3,Paror,7,7.420354166666667
Parus major,502365.mp3,Paror,7,24.309333333333335
Parus major,471713.mp3,Paror,7,139.6801814058957
Parus major,467945.mp3,Paror,7,69.37879818594104
Parus major,467944.mp3,Paror,7,33.237528344671205
Parus major,447474.mp3,Paror,7,15.9433125
Parus major,439558.mp3,Paror,7,34.87510204081633
Parus major,438244.mp3,Paror,7,36.864375
Parus major,438243.mp3,Paror,7,68.13745833333333
Parus major,437554.mp3,Paror,7,17.348520833333332
Parus major,436194.mp3,Paror,7,11.0933125
Parus major,418483.mp3,Paror,7,77.52299319727891
Parus major,409779.mp3,Paror,7,18.77011337868481
Parus major,405784.mp3,Paror,7,43.4061
Parus major,402795.mp3,Paror,7,37.692
Parus major,402794.mp3,Paror,7,48.67610416666667
Parus major,386240.mp3,Paror,7,85.25445833333333
Parus major,383778.mp3,Paror,7,48.01249433106576
Parus major,381182.mp3,Paror,7,55.56308333333333
Parus major,371625.mp3,Paror,7,26.960090702947845
Parus major,356409.mp3,Paror,7,72.01267573696146
Parus major,356406.mp3,Paror,7,54.00507936507937
Parus major,313114.mp3,Paror,7,17.2513125
Parus major,304752.mp3,Paror,7,54.05639455782313
Parus major,304747.mp3,Paror,7,48.26052154195011
Parus major,304746.mp3,Paror,7,131.48321995464852
Parus major,304745.mp3,Paror,7,58.88
Parus major,303440.mp3,Paror,7,70.05852607709751
Parus major,303437.mp3,Paror,7,25.748979591836736
Parus major,303436.mp3,Paror,7,74.50122448979592
Parus major,303422.mp3,Paror,7,69.48832199546486
Parus major,303416.mp3,Paror,7,38.97469387755102
Parus major,303404.mp3,Paror,7,48.49213151927437
Parus major,303403.mp3,Paror,7,65.46285714285715
Parus major,246759.mp3,Paror,7,86.648
Parus major,239720.mp3,Paror,7,52.97632653061225
Parus major,236602.mp3,Paror,7,22.02
Parus major,236601.mp3,Paror,7,44.590226757369614
Parus major,236600.mp3,Paror,7,49.17106575963719
Parus major,235214.mp3,Paror,7,81.9819954648526
Parus major,235079.mp3,Paror,7,19.950997732426305
Parus major,170654.mp3,Paror,7,22.114149659863944
Parus major,161542.mp3,Paror,7,19.3800625
Parus major,156084.mp3,Paror,7,22.003125
Parus major,153826.mp3,Paror,7,18.1426875
Parus major,153825.mp3,Paror,7,32.83065625
Parus major,153823.mp3,Paror,7,34.77434375
Parus major,143092.mp3,Paror,7,49.218
Parus major,143091.mp3,Paror,7,49.146
Parus major,143090.mp3,Paror,7,27.594
Parus major,143089.mp3,Paror,7,34.434
Parus major,138180.mp3,Paror,7,27.9300625
Parus major,135371.mp3,Paror,7,35.90340625
Parus major,133965.mp3,Paror,7,49.89453125
Parus major,132001.mp3,Paror,7,36.23784375
Parus major,128957.mp3,Paror,7,36.63825
Parus major,89967.mp3,Paror,7,50.991020408163266
Parus major,78964.mp3,Paror,7,42.57959183673469
Parus major,78962.mp3,Paror,7,35.369795918367345
Parus major,78162.mp3,Paror,7,58.078375
Parus major,53725.mp3,Paror,7,18.81055
Erithacus rubecula,559604.mp3,Erila,8,64.83646258503401
Erithacus rubecula,557007.mp3,Erila,8,135.98502083333332
Erithacus rubecula,554706.mp3,Erila,8,37.51861678004535
Erithacus rubecula,554371.mp3,Erila,8,136.30256235827665
Erithacus rubecula,554067.mp3,Erila,8,71.2686394557823
Erithacus rubecula,550307.mp3,Erila,8,50.27310416666667
Erithacus rubecula,546987.mp3,Erila,8,26.13902494331066
Erithacus rubecula,542842.mp3,Erila,8,86.41960416666667
Erithacus rubecula,542692.mp3,Erila,8,87.60597916666667
Erithacus rubecula,540696.mp3,Erila,8,163.85904166666666
Erithacus rubecula,539593.mp3,Erila,8,51.79512471655329
Erithacus rubecula,539120.mp3,Erila,8,17.136326530612244
Erithacus rubecula,537202.mp3,Erila,8,402.87175
Erithacus rubecula,536064.mp3,Erila,8,29.253020833333334
Erithacus rubecula,535913.mp3,Erila,8,37.175124716553285
Erithacus rubecula,535808.mp3,Erila,8,30.56671201814059
Erithacus rubecula,533319.mp3,Erila,8,46.4353125
Erithacus rubecula,533299.mp3,Erila,8,142.2193125
Erithacus rubecula,532220.mp3,Erila,8,103.09878125
Erithacus rubecula,532219.mp3,Erila,8,62.44278125
Erithacus rubecula,528424.mp3,Erila,8,69.77708333333334
Erithacus rubecula,528257.mp3,Erila,8,65.32284375
Erithacus rubecula,527484.mp3,Erila,8,20.2504375
Erithacus rubecula,516361.mp3,Erila,8,132.891875
Erithacus rubecula,516360.mp3,Erila,8,15.494958333333333
Erithacus rubecula,516353.mp3,Erila,8,34.34639583333333
Erithacus rubecula,515982.mp3,Erila,8,49.68
Erithacus rubecula,515980.mp3,Erila,8,11.892375
Erithacus rubecula,510893.mp3,Erila,8,206.07710416666666
Erithacus rubecula,510542.mp3,Erila,8,44.715895833333335
Erithacus rubecula,510540.mp3,Erila,8,13.7869375
Erithacus rubecula,509840.mp3,Erila,8,117.358625
Erithacus rubecula,509839.mp3,Erila,8,140.27929166666667
Erithacus rubecula,509375.mp3,Erila,8,9.4118125
Erithacus rubecula,508005.mp3,Erila,8,68.3235
Erithacus rubecula,507922.mp3,Erila,8,43.296708333333335
Erithacus rubecula,507779.mp3,Erila,8,67.28716666666666
Erithacus rubecula,506953.mp3,Erila,8,86.64621315192744
Erithacus rubecula,503959.mp3,Erila,8,77.4604375
Erithacus rubecula,503894.mp3,Erila,8,74.0163125
Erithacus rubecula,502413.mp3,Erila,8,22.03858333333333
Erithacus rubecula,500968.mp3,Erila,8,47.13197916666667
Erithacus rubecula,500967.mp3,Erila,8,55.462041666666664
Erithacus rubecula,500966.mp3,Erila,8,59.62104166666666
Erithacus rubecula,497780.mp3,Erila,8,74.9737641723356
Erithacus rubecula,497748.mp3,Erila,8,42.74183673469388
Erithacus rubecula,489281.mp3,Erila,8,30.156780045351475
Erithacus rubecula,485617.mp3,Erila,8,256.35125
Erithacus rubecula,482938.mp3,Erila,8,118.12741666666666
Erithacus rubecula,481465.mp3,Erila,8,189.06466666666665
Erithacus rubecula,480667.mp3,Erila,8,148.674
Erithacus rubecula,477924.mp3,Erila,8,303.77434375
Erithacus rubecula,475263.mp3,Erila,8,176.27322916666665
Erithacus rubecula,473253.mp3,Erila,8,92.2311111111111
Erithacus rubecula,471206.mp3,Erila,8,102.07931972789116
Erithacus rubecula,470483.mp3,Erila,8,184.5008163265306
Erithacus rubecula,470271.mp3,Erila,8,136.13451247165534
Erithacus rubecula,470227.mp3,Erila,8,178.46857142857144
Erithacus rubecula,468455.mp3,Erila,8,65.14845804988663
Erithacus rubecula,468453.mp3,Erila,8,220.7163492063492
Erithacus rubecula,462381.mp3,Erila,8,153.522175
Erithacus rubecula,458947.mp3,Erila,8,108.15639455782313
Erithacus rubecula,437713.mp3,Erila,8,91.11510204081632
Erithacus rubecula,437712.mp3,Erila,8,81.30077083333333
Erithacus rubecula,435998.mp3,Erila,8,307.14070833333335
Erithacus rubecula,435985.mp3,Erila,8,90.76908333333333
Erithacus rubecula,435964.mp3,Erila,8,121.5735
Erithacus rubecula,422439.mp3,Erila,8,243.58189583333333
Erithacus rubecula,420351.mp3,Erila,8,194.01734693877552
Erithacus rubecula,406356.mp3,Erila,8,101.82473922902494
Erithacus rubecula,386241.mp3,Erila,8,142.80220833333334
Erithacus rubecula,382192.mp3,Erila,8,322.0078458049887
Erithacus rubecula,377467.mp3,Erila,8,57.74514739229025
Erithacus rubecula,374291.mp3,Erila,8,203.0630612244898
Erithacus rubecula,353998.mp3,Erila,8,36.02285714285714
Erithacus rubecula,351063.mp3,Erila,8,55.1965306122449
Erithacus rubecula,351060.mp3,Erila,8,97.6195918367347
Erithacus rubecula,337813.mp3,Erila,8,77.20895691609978
Erithacus rubecula,337812.mp3,Erila,8,37.30260770975057
Erithacus rubecula,337809.mp3,Erila,8,57.65959183673469
Erithacus rubecula,337414.mp3,Erila,8,123.4633560090703
Erithacus rubecula,312569.mp3,Erila,8,18.699909297052155
Erithacus rubecula,307774.mp3,Erila,8,372.92516666666666
Erithacus rubecula,299405.mp3,Erila,8,88.8462358276644
Erithacus rubecula,298856.mp3,Erila,8,110.17952380952381
Erithacus rubecula,298854.mp3,Erila,8,119.57190476190476
Erithacus rubecula,298725.mp3,Erila,8,77.24539682539682
Erithacus rubecula,298719.mp3,Erila,8,113.46804988662132
Erithacus rubecula,298710.mp3,Erila,8,62.274852607709754
Erithacus rubecula,298614.mp3,Erila,8,93.63356009070294
Erithacus rubecula,298608.mp3,Erila,8,217.84136054421768
Erithacus rubecula,298216.mp3,Erila,8,67.33786848072562
Erithacus rubecula,297927.mp3,Erila,8,157.81419501133786
Erithacus rubecula,297926.mp3,Erila,8,64.04222222222222
Erithacus rubecula,297826.mp3,Erila,8,126.12428571428572
Erithacus rubecula,297823.mp3,Erila,8,15.406439909297053
Erithacus rubecula,297733.mp3,Erila,8,140.99156462585034
Erithacus rubecula,297732.mp3,Erila,8,131.52943310657596
Erithacus rubecula,297731.mp3,Erila,8,297.93850340136055
Erithacus rubecula,297730.mp3,Erila,8,111.708820861678
Erithacus rubecula,297729.mp3,Erila,8,41.14315192743764
Erithacus rubecula,289636.mp3,Erila,8,27.680125
Erithacus rubecula,288215.mp3,Erila,8,60.09591836734694
Erithacus rubecula,288214.mp3,Erila,8,59.00607709750567
Erithacus rubecula,270388.mp3,Erila,8,57.309666666666665
Erithacus rubecula,253288.mp3,Erila,8,75.97299319727891
Erithacus rubecula,240922.mp3,Erila,8,86.09399092970521
Erithacus rubecula,240920.mp3,Erila,8,187.4763492063492
Erithacus rubecula,240918.mp3,Erila,8,45.08249433106576
Erithacus rubecula,240917.mp3,Erila,8,333.9960090702948
Erithacus rubecula,240702.mp3,Erila,8,182.2052380952381
Erithacus rubecula,240528.mp3,Erila,8,61.02716553287982
Erithacus rubecula,235968.mp3,Erila,8,49.9790022675737
Erithacus rubecula,199932.mp3,Erila,8,112.303625
Erithacus rubecula,161926.mp3,Erila,8,45.76328125
Erithacus rubecula,161553.mp3,Erila,8,31.44896875
Erithacus rubecula,161532.mp3,Erila,8,40.9321875
Erithacus rubecula,156779.mp3,Erila,8,58.08473922902494
Erithacus rubecula,140083.mp3,Erila,8,58.0808125
Erithacus rubecula,138851.mp3,Erila,8,49.1988125
Erithacus rubecula,138850.mp3,Erila,8,43.39084375
Erithacus rubecula,138849.mp3,Erila,8,56.11084375
Erithacus rubecula,138841.mp3,Erila,8,46.55953125
Erithacus rubecula,138838.mp3,Erila,8,58.94240625
Erithacus rubecula,138380.mp3,Erila,8,80.4423125
Erithacus rubecula,138375.mp3,Erila,8,268.8423125
Erithacus rubecula,135377.mp3,Erila,8,44.7594375
Erithacus rubecula,132002.mp3,Erila,8,48.190375
Erithacus rubecula,128956.mp3,Erila,8,30.06325
Erithacus rubecula,124862.mp3,Erila,8,241.2815
Erithacus rubecula,123962.mp3,Erila,8,51.16440625
Erithacus rubecula,101532.mp3,Erila,8,38.29551020408163
Erithacus rubecula,101531.mp3,Erila,8,66.37714285714286
Erithacus rubecula,101530.mp3,Erila,8,30.01469387755102
Erithacus rubecula,101529.mp3,Erila,8,59.06285714285714
Erithacus rubecula,101528.mp3,Erila,8,64.02612244897959
Erithacus rubecula,89966.mp3,Erila,8,63.89551020408163
Erithacus rubecula,78233.mp3,Erila,8,49.911
Erithacus rubecula,78231.mp3,Erila,8,102.5955625
Erithacus rubecula,78230.mp3,Erila,8,17.253
Erithacus rubecula,57217.mp3,Erila,8,35.08605
Erithacus rubecula,55085.mp3,Erila,8,17.666625
Erithacus rubecula,54348.mp3,Erila,8,35.0832
Erithacus rubecula,36194.mp3,Erila,8,65.5795625
Sylvia atricapilla,565689.mp3,Sylla,9,85.66064583333333
Sylvia atricapilla,565676.mp3,Sylla,9,51.75633333333333
Sylvia atricapilla,564581.mp3,Sylla,9,31.914354166666666
Sylvia atricapilla,563520.mp3,Sylla,9,13.861
Sylvia atricapilla,560341.mp3,Sylla,9,7.6805625
Sylvia atricapilla,560339.mp3,Sylla,9,53.619729166666666
Sylvia atricapilla,560331.mp3,Sylla,9,42.183104166666666
Sylvia atricapilla,560019.mp3,Sylla,9,114.18725
Sylvia atricapilla,560017.mp3,Sylla,9,151.55175
Sylvia atricapilla,559969.mp3,Sylla,9,317.36775
Sylvia atricapilla,557481.mp3,Sylla,9,178.12295
Sylvia atricapilla,555212.mp3,Sylla,9,13.817437641723355
Sylvia atricapilla,554332.mp3,Sylla,9,37.200702947845805
Sylvia atricapilla,554272.mp3,Sylla,9,85.90396825396826
Sylvia atricapilla,554271.mp3,Sylla,9,87.6204761904762
Sylvia atricapilla,552469.mp3,Sylla,9,162.4024375
Sylvia atricapilla,551364.mp3,Sylla,9,274.7929375
Sylvia atricapilla,551230.mp3,Sylla,9,25.524444444444445
Sylvia atricapilla,550277.mp3,Sylla,9,55.575583333333334
Sylvia atricapilla,549436.mp3,Sylla,9,98.665
Sylvia atricapilla,546939.mp3,Sylla,9,195.27725
Sylvia atricapilla,546938.mp3,Sylla,9,80.1295
Sylvia atricapilla,546905.mp3,Sylla,9,49.54496598639456
Sylvia atricapilla,546904.mp3,Sylla,9,64.27149659863946
Sylvia atricapilla,546903.mp3,Sylla,9,70.55673469387754
Sylvia atricapilla,546901.mp3,Sylla,9,58.94997732426304
Sylvia atricapilla,546900.mp3,Sylla,9,67.08244897959183
Sylvia atricapilla,546894.mp3,Sylla,9,108.72526077097505
Sylvia atricapilla,546893.mp3,Sylla,9,64.22718820861678
Sylvia atricapilla,545030.mp3,Sylla,9,29.422403628117912
Sylvia atricapilla,545029.mp3,Sylla,9,4.22485260770975
Sylvia atricapilla,545028.mp3,Sylla,9,43.0475283446712
Sylvia atricapilla,544253.mp3,Sylla,9,197.2497
Sylvia atricapilla,542736.mp3,Sylla,9,289.5539
Sylvia atricapilla,538648.mp3,Sylla,9,177.41213151927437
Sylvia atricapilla,537809.mp3,Sylla,9,303.19570833333336
Sylvia atricapilla,537199.mp3,Sylla,9,196.8178125
Sylvia atricapilla,535479.mp3,Sylla,9,94.52354166666667
Sylvia atricapilla,535478.mp3,Sylla,9,94.52354166666667
Sylvia atricapilla,535477.mp3,Sylla,9,50.53125
Sylvia atricapilla,513038.mp3,Sylla,9,96.59545833333334
Sylvia atricapilla,513036.mp3,Sylla,9,27.517895833333334
Sylvia atricapilla,512738.mp3,Sylla,9,160.26639583333332
Sylvia atricapilla,511215.mp3,Sylla,9,51.44702083333333
Sylvia atricapilla,507637.mp3,Sylla,9,116.90452083333334
Sylvia atricapilla,502430.mp3,Sylla,9,69.578625
Sylvia atricapilla,500948.mp3,Sylla,9,23.6170625
Sylvia atricapilla,499808.mp3,Sylla,9,46.57666666666667
Sylvia atricapilla,485619.mp3,Sylla,9,148.152
Sylvia atricapilla,483185.mp3,Sylla,9,67.40435416666666
Sylvia atricapilla,483168.mp3,Sylla,9,92.3243125
Sylvia atricapilla,483154.mp3,Sylla,9,103.6565625
Sylvia atricapilla,483081.mp3,Sylla,9,19.925986394557825
Sylvia atricapilla,482271.mp3,Sylla,9,188.886
Sylvia atricapilla,481328.mp3,Sylla,9,66.23770975056689
Sylvia atricapilla,479469.mp3,Sylla,9,187.82016666666667
Sylvia atricapilla,479468.mp3,Sylla,9,219.939410430839
Sylvia atricapilla,478388.mp3,Sylla,9,91.92333333333333
Sylvia atricapilla,475956.mp3,Sylla,9,81.61814058956917
Sylvia atricapilla,475472.mp3,Sylla,9,50.037120181405896
Sylvia atricapilla,475450.mp3,Sylla,9,82.819125
Sylvia atricapilla,475037.mp3,Sylla,9,119.03303854875283
Sylvia atricapilla,468274.mp3,Sylla,9,54.90925170068027
Sylvia atricapilla,467946.mp3,Sylla,9,87.66521541950114
Sylvia atricapilla,465727.mp3,Sylla,9,109.08734693877551
Sylvia atricapilla,464368.mp3,Sylla,9,6.221583333333333
Sylvia atricapilla,464305.mp3,Sylla,9,84.61331065759637
Sylvia atricapilla,464107.mp3,Sylla,9,72.73045351473922
Sylvia atricapilla,464105.mp3,Sylla,9,105.72131519274376
Sylvia atricapilla,463947.mp3,Sylla,9,55.03700680272109
Sylvia atricapilla,459023.mp3,Sylla,9,11.0096
Sylvia atricapilla,447566.mp3,Sylla,9,50.45220833333333
Sylvia atricapilla,437811.mp3,Sylla,9,73.67389583333333
Sylvia atricapilla,436418.mp3,Sylla,9,44.803375
Sylvia atricapilla,436416.mp3,Sylla,9,85.31360416666666
Sylvia atricapilla,436415.mp3,Sylla,9,105.96554166666667
Sylvia atricapilla,436193.mp3,Sylla,9,71.872
Sylvia atricapilla,436189.mp3,Sylla,9,132.18414583333333
Sylvia atricapilla,436000.mp3,Sylla,9,46.1304375
Sylvia atricapilla,431718.mp3,Sylla,9,56.5913125
Sylvia atricapilla,420344.mp3,Sylla,9,166.0721875
Sylvia atricapilla,419879.mp3,Sylla,9,78.89399092970521
Sylvia atricapilla,419878.mp3,Sylla,9,42.633537414965986
Sylvia atricapilla,416373.mp3,Sylla,9,254.44197916666667
Sylvia atricapilla,416372.mp3,Sylla,9,204.02208333333334
Sylvia atricapilla,416371.mp3,Sylla,9,95.7640625
Sylvia atricapilla,410555.mp3,Sylla,9,19.3154375
Sylvia atricapilla,410220.mp3,Sylla,9,147.3646875
Sylvia atricapilla,409769.mp3,Sylla,9,28.042925170068028
Sylvia atricapilla,409767.mp3,Sylla,9,18.23
Sylvia atricapilla,386477.mp3,Sylla,9,148.84454166666666
Sylvia atricapilla,386324.mp3,Sylla,9,253.60589583333334
Sylvia atricapilla,386242.mp3,Sylla,9,132.9013125
Sylvia atricapilla,386086.mp3,Sylla,9,98.95608333333334
Sylvia atricapilla,386085.mp3,Sylla,9,26.6295
Sylvia atricapilla,386036.mp3,Sylla,9,76.1531875
Sylvia atricapilla,384588.mp3,Sylla,9,144.5565759637188
Sylvia atricapilla,384583.mp3,Sylla,9,41.116734693877554
Sylvia atricapilla,384578.mp3,Sylla,9,30.171451247165532
Sylvia atricapilla,384568.mp3,Sylla,9,101.80047619047619
Sylvia atricapilla,376897.mp3,Sylla,9,103.76065759637189
Sylvia atricapilla,376896.mp3,Sylla,9,55.27603174603175
Sylvia atricapilla,374741.mp3,Sylla,9,36.47861678004535
Sylvia atricapilla,365508.mp3,Sylla,9,56.658425
Sylvia atricapilla,364666.mp3,Sylla,9,42.713925
Sylvia atricapilla,364511.mp3,Sylla,9,86.25078125
Sylvia atricapilla,345077.mp3,Sylla,9,155.424
Sylvia atricapilla,341912.mp3,Sylla,9,93.79425
Sylvia atricapilla,340116.mp3,Sylla,9,77.57029166666666
Sylvia atricapilla,330678.mp3,Sylla,9,40.824
Sylvia atricapilla,330673.mp3,Sylla,9,80.736
Sylvia atricapilla,326532.mp3,Sylla,9,40.01843537414966
Sylvia atricapilla,321565.mp3,Sylla,9,72.63691666666666
Sylvia atricapilla,316548.mp3,Sylla,9,228.05485
Sylvia atricapilla,315826.mp3,Sylla,9,126.36560090702947
Sylvia atricapilla,314032.mp3,Sylla,9,33.5602
Sylvia atricapilla,301917.mp3,Sylla,9,46.31510204081633
Sylvia atricapilla,301914.mp3,Sylla,9,124.57290249433106
Sylvia atricapilla,301889.mp3,Sylla,9,119.48793650793651
Sylvia atricapilla,288134.mp3,Sylla,9,91.0204375
Sylvia atricapilla,285406.mp3,Sylla,9,274.1743125
Sylvia atricapilla,285398.mp3,Sylla,9,84.6628125
Sylvia atricapilla,270439.mp3,Sylla,9,41.924416666666666
Sylvia atricapilla,266293.mp3,Sylla,9,89.54958333333333
Sylvia atricapilla,265448.mp3,Sylla,9,25.9533125
Sylvia atricapilla,253639.mp3,Sylla,9,145.0519375
Sylvia atricapilla,253619.mp3,Sylla,9,128.0229931972789
Sylvia atricapilla,252388.mp3,Sylla,9,67.91108843537415
Sylvia atricapilla,243760.mp3,Sylla,9,410.082875
Sylvia atricapilla,235211.mp3,Sylla,9,56.99600907029478
Sylvia atricapilla,161908.mp3,Sylla,9,65.06753125
Sylvia atricapilla,161900.mp3,Sylla,9,51.14428125
Sylvia atricapilla,161517.mp3,Sylla,9,68.0465625
Sylvia atricapilla,156467.mp3,Sylla,9,59.12963718820862
Sylvia atricapilla,155599.mp3,Sylla,9,49.438833333333335
Sylvia atricapilla,143969.mp3,Sylla,9,49.00933333333333
Sylvia atricapilla,143102.mp3,Sylla,9,61.57828125
Sylvia atricapilla,142598.mp3,Sylla,9,93.32647916666667
Sylvia atricapilla,141723.mp3,Sylla,9,81.30761904761904
Sylvia atricapilla,141160.mp3,Sylla,9,4.482993197278912
Sylvia atricapilla,140588.mp3,Sylla,9,102.01487528344671
Sylvia atricapilla,139554.mp3,Sylla,9,52.94795833333333
Sylvia atricapilla,138570.mp3,Sylla,9,86.74609977324263
Sylvia atricapilla,138384.mp3,Sylla,9,120.8103125
Sylvia atricapilla,133963.mp3,Sylla,9,73.1030625
Sylvia atricapilla,133960.mp3,Sylla,9,64.8950625
Sylvia atricapilla,133033.mp3,Sylla,9,44.702625
Sylvia atricapilla,131861.mp3,Sylla,9,72.3770625
Sylvia atricapilla,131702.mp3,Sylla,9,97.34428125
Sylvia atricapilla,128098.mp3,Sylla,9,38.53625
Sylvia atricapilla,78046.mp3,Sylla,9,92.593125
Sylvia atricapilla,78036.mp3,Sylla,9,48.655
Sylvia atricapilla,78034.mp3,Sylla,9,51.9785
Sylvia atricapilla,77567.mp3,Sylla,9,48.09142857142857
Sylvia atricapilla,77564.mp3,Sylla,9,48.35265306122449
Sylvia atricapilla,77563.mp3,Sylla,9,66.97795918367346
Sylvia atricapilla,77562.mp3,Sylla,9,45.583673469387755
Sylvia atricapilla,58789.mp3,Sylla,9,79.0335
Sylvia atricapilla,58787.mp3,Sylla,9,82.19125
Sylvia atricapilla,58786.mp3,Sylla,9,41.0749375
Sylvia atricapilla,58764.mp3,Sylla,9,104.3936875
Sylvia atricapilla,55186.mp3,Sylla,9,22.99475
Sylvia atricapilla,53733.mp3,Sylla,9,30.09505
Sylvia atricapilla,36007.mp3,Sylla,9,10.0943125
